tentree,Puffer Bodywarmer,77.97
Sherpa,Namgyal Jas,119.96
icebreaker,Merinoloft Jas,262.46
Mammut,Ultimate Vii So Hooded Jacket Men,164.97
Jack Wolfskin,Whirlwind Softshell Jas,74.96
Krakatau Wear,Moog Softshell Jas,167.97
tentree,Sherpa Bodywarmer,67.46
Craghoppers,Vitor Jas,97.46
Ayacucho,Himalaya Recycled Down Dons Bodywarmer,59.97
Vaude,Neyland Hoody Fleecevest,74.96
The North Face,Athletic Outdoor Hoodie Softshell Jas,69.98
Didriksons,Franco Usx Softshell Jas,119.97
Jack Wolfskin,Morobbia Gevoerde Bodywarmer,59.97
The North Face,M Quest Hooded Softshell,95.97
adidas,Techrock Flooce Windjas,59.98
AGU,Essential Wind Jas,59.95
Inov-8,Stormshell Fz Jas,209.95
Craft,Softshell Craf Adv Subz Jacket 2,119.95
Craft,Adv Charge Warm Jacket M Windstopper,99.95
Craft,Softshell Core Bike Subz Jacket M,99.95
AGU,Essential Wind Body Jas,59.95
Craft,Advance Unify Jacket,79.95
Craft,Adv Essence Wind Jacket M,89.95
Vaude,SE Volane Softshell Jas,44.99
Craft,Eaze Jkt M,69.95
Craft,Essence Light Wind Vest M,79.95
Craft,Essence Light Wind Jkt M,89.95
Craft,Softshell Craf Adv Subz Jacket 2,71.97
Craft,Adv Subz Lumen Jacket 2 M Windstopper,119.95
Craft,Advance Unify Jacket,84.95
Gore Wear,Softshell C3 Gore-Tex I Thermo Jacket,159.95
Craft,Adv Bike Subz Lumen Jacket M Windstopper,159.95
Endura,Pro SL Waterproof Fietsjas,199.95
Endura,Windchill Fietsjas II,119.95
Craft,Adv Essence Hydro Jas,129.95
Craft,Pro Bike Subz Jacket M Windstopper,189.95
Craft,Adv Bike Subz Jacket M Windstopper,139.95
Craft,Adv Charge Warm Jacket M Windstopper,89.95
Gore Wear,Drive Bodywarmer,119.95
Craft,Core Bike Subz Lumen Jacket M Windstopper,119.95
AGU,Wind body II Essential,59.95
Jack Wolfskin,Morobbia Softshell Fietsjas,149.95
Craft,Core Ideal Jkt 2.0,109.95
Jack Wolfskin,Morobbia 2.5L Jkt M,149.95
AGU,Wind body II Essential,79.95
Endura,Windchill Gilet II,84.95
Endura,Pakajak Windjack,49.95
Gore Wear,Ambient Vest Mens,99.95
Craft,Light Softshell Jas,184.95
AGU,Storm Breaker Essential Jacket,109.95
The North Face,Mountain Athletics Windjack,109.95
Craft,Advance Unify Jacket,74.95
AGU,Storm Breaker Essential Jacket,129.95
Odlo,Run Easy S-Thermic Isolatiebodywarmer,89.97
The North Face,M Run Wind Jkt,99.95
Gore Wear,Spirit Jacket,159.95
Vaude,Posta Insulation Fietsjas,159.95
Gore Wear,Windstopper R5 Gore-Tex I Insulated Jacket,249.95
Gore Wear,C5 Gore-Tex I Thermo Jacket,199.95
Odlo,Jacket Zeroweight Warm Hybrid,74.97
Gore Wear,R7 Partial Gtx I Hooded Jacket,189.95
Gore Wear,Softshell PhantoJacket Mens,189.95
Gore Wear,Drive Windstopper Hardloopjas,199.95
Gore Wear,Spirit Bodywarmer,99.95
Gore Wear,Softshell PhantoJacket Mens,142.46
Odlo,Zeroweight Pro Warm Reflect Jas,107.97
Odlo,Jacket Zeroweight Pro Warm,101.97
HEAT EXPERIENCE,Everyday Bodywarmer,74.98
CMP,Man Softshell Ski Jacket Zip Hood Softshell,172.46
Rab,Softshell Rab Borealis Tour Jacket,74.96
Tenson,Touring Softshell Jas,202.46
Colmar,Ski-jas Padded,351.71
Burton,Frostner Anorak Softshell Jas,161.97
Jack Wolfskin,Pack & Go Down Vest M,119.95
Jack Wolfskin,Fierce Wind Parka,359.95
Protest,Prtdustan Softshell,149.96
Mammut,Aenergy Wb Hooded Jacket Men,159.95
Jack Wolfskin,Athletic Dons Vest Bodywarmer,129.95
Haglöfs,Roc Sight Softshell Jacket Men,319.95
Jack Wolfskin,Passamani Dons Vest,179.95
Mammut,Albula Gevoerde Hybride Vest,150.00
Mammut,Madris Ml Vest,130.00
Fjällräven,Buck Fleece Bodywarmer,144.95
Patagonia,M'S R1 Techface Hoody,189.95
Blue Loop Originals,Virga Iso Bodywarmer,139.95
Mammut,Aenergy Gevoerde Hybride Hooded Vest,190.00
Mammut,Ultimate Comfort So Hood Jacket,224.95
Fjällräven,Buck Fleece Bodywarmer,138.95
Mammut,Ultimate Vii So Hooded Jacket Men,259.95
Fjällräven,Keb Windstopper,314.95
Fjällräven,High Coast Lite Anorak M,199.95
The North Face,M Nimble Jacket,99.95
Jack Wolfskin,Routeburn Pro Ins Vest M,119.95
Jack Wolfskin,Glacier Canyon Parka,299.95
Jack Wolfskin,Lightsome Wander Vest Bodywarmer,129.95
Mammut,Ultimate Vii So Hooded Jacket Men,274.95
Patagonia,Better Sweater Vest Bodywarmer,109.95
Mammut,Eisfeld Hybrid Hooded Softshell Jas,299.95
The North Face,M Softshell Travel Jacket,109.95
Fjällräven,Vidda Pro Jas,299.95
Fjällräven,Greenland Jacket,279.95
Vaude,Men'S Hurricane Jacket Iv,109.95
Jack Wolfskin,Eagle Peak II Hoody Jas,169.95
Vaude,Neyland Hoody Fleecevest,99.95
Fjällräven,Greenland Down Liner Bodywarmer,234.95
Fjällräven,Bergtagen Stretch Anorak,249.95
Fjällräven,Abisko Hike wandeljas,249.95
The North Face,M Nimble Hoodie,109.95
Haglöfs,L.I.M Mimic Vest Men,189.95
Jack Wolfskin,Alpspitze Softshell Jas,219.95
Mammut,Aenergy So Hybrid Hooded Jacket Men,199.95
Mammut,Rime Light In Flex Vest Men,174.95
Mammut,Seon So Hooded Jacket Men,259.95
Patagonia,Mens Houdini Jacket,109.95
Mammut,Aenergy Gevoerde Hybride Jas,200.00
Mammut,Ultimate VII Softshell,179.95
Patagonia,M'S Nano Puff Vest,169.95
Fjällräven,High Coast Wind Jacket M,209.95
Fjällräven,Kaipak Jacket M,274.95
Fjällräven,Grimsey Bodywarmer,189.95
Fjällräven,Kaipak Jacket M,279.95
Jack Wolfskin,Alpspitze Vest Bodywarmer,159.95
Jack Wolfskin,Jasper Ins Jkt M,179.95
Mammut,Madris Light Softshell,149.95
Mammut,Eisfeld Hybrid Hooded Softshell Jas,325.00
AGU,Essential II Wind Fietsjas,89.95
Mammut,Eigerjoch Hybrid Gevoerde Jas,299.95
Jack Wolfskin,Morobbia Gevoerde Bodywarmer,99.95
Mammut,Eigerjoch Hybrid Bodywarmer,199.95
icebreaker,ZoneKnit Gevoerde Bodywarmer,219.95
Jack Wolfskin,Highest Peak Vest M Bodywarmer,119.95
Mammut,Ultimate Vii So Jacket Men,249.95
Jack Wolfskin,Alex Vest Reversible Bodywarmer,129.95
Fjällräven,Vardag Anorak Windstopper,214.95
Jack Wolfskin,Routeburn Pro Ins Vest M,139.95
Jack Wolfskin,Pack & Go Down Vest M,129.95
Fjällräven,Expedition Down Lite Bodywarmer,309.95
Fjällräven,Abisko Midsummer Jacket M,234.95
Jack Wolfskin,Koblat 3L Jas,299.95
AGU,Essential II Wind Fietsjas,69.95
Jack Wolfskin,White Frost Vest Bodywarmer,99.95
Fjällräven,Reporter Lite Bodywarmer,179.95
Fjällräven,Keb Windstopper,344.95
Fjällräven,Forest Hybrid Jas,299.95
Fjällräven,Skogsö Jacket,249.95
Fjällräven,Abisko Padded Bodywarmer,179.95
Fjällräven,Abisko Lite Trekking Jacket M,279.95
Jack Wolfskin,Feldberg Hoody M,129.95
Patagonia,M'S Retro Pile Vest,119.95
The North Face,M Belleview Stretch Down Vest,229.95
Fjällräven,Anorak No.8 Jas,499.95
Fjällräven,Expedition X-Lätt Vest,179.95
Fjällräven,Smock No.1 Jas,739.95
Fjällräven,Lappland Hybrid Jas,354.95
Jack Wolfskin,Bike Commute Ins Vest M,149.95
Mammut,Whitehorn Gevoerde Vest,190.00
Fjällräven,Värmland Bodywarmer,99.95
The North Face,M Nimble Jacket,105.00
Fjällräven,Sten Jacket M,229.95
Jack Wolfskin,Bike Commute Ins Vest M,159.95
The North Face,Athletic Outdoor Hoodie Softshell Jas,139.95
Jack Wolfskin,Bornberg Hoody M,139.95
Fjällräven,Jacket No.68 Jas,549.95
Jack Wolfskin,Feldberg Hoody M,109.95
Patagonia,Classic Retro-X Vest Bodywarmer,169.95
The North Face,Canyonlands Hybride Vest,109.95
Jack Wolfskin,Whirlwind Softshell Jas,109.95
Jack Wolfskin,Whirlwind Softshell Jas,99.95
Vaude,Roccia Softshell Jacket Ii,189.95
Vaude,Cyclone Softshell Jas,99.95
The North Face,Diablo Detachable Hood Softshell Jas,159.95
The North Face,Bodywarmer Nimble Vest,89.95
Picture,Laman Softshell Jas,89.96
Haglöfs,L.I.M Shield Hood Windjack,104.96
Sherpa,Namgyal Bodywarmer,119.95
Jack Wolfskin,Eagle Peak II Softshell,127.46
The North Face,Mountain Athletics Anorak,56.97
Mammut,Aenergy Wb Hooded Jacket Men,112.46
The North Face,Athletic Outdoor Gevoerde Bodywarmer,97.50
7mesh,Northwoods Windshell Fietsjas,159.95
COTOPAXI,Teca Anorak Windstopper,74.96
Haglöfs,Natrix Hood Softshell Jas,89.97
Gore Wear,Softshell C3 Gore-Tex I Thermo Jacket,119.96
Columbia,Tall Heights Hooded Softshell,99.95
adidas,Own The Run Windbreaker Hardloopjas,41.97
Jack Wolfskin,Desert Wind Jacket,82.46
Arc'teryx,Nodin Jas,179.95
Ayacucho,Annapurna Softshell,53.97
Jack Wolfskin,Bornberg Hoody M,119.95
The North Face,M Quest Hooded Softshell,159.95
Ayacucho,Jungle Travel Vest M Bodywarmer,79.95
Jack Wolfskin,Prelight Polartec Alpha Jas,179.95
Vuori,Outdoor Trainer Shell,139.95
Didriksons,Zuko Fullzip Hybride Jas,139.95
icebreaker,Merinoloft Jas,349.95
Jack Wolfskin,Desert Wind Jacket Jas,129.95
Didriksons,Pega Softshell Jas,149.95
Ayacucho,Mountain Softshell Jacket M Softshell,79.95
Picture,Laman Printed Softshell Jas,129.95
Vaude,Cyclone Softshell Jas,109.95
Rab,Borealis Softshell Jas,119.95
Ayacucho,Annapurna Softshell,89.95
Patagonia,Funhoggers Anorak,159.95
Jack Wolfskin,Feldberg Hoody M,119.95
Helly Hansen,Cascade Shield Softshell,159.95
Jack Wolfskin,Bornberg Hoody M,129.95
Helly Hansen,Victor Jas,169.95
Ayacucho,Bora Softshell Jas,79.95
Colmar,Ski-jas Padded,468.95
Jack Wolfskin,Grand Valley Softshell Jas,119.95
Vaude,Se Tamina Hoody Softshell Jas,109.95
The North Face,Tansa Softshell Jas,149.95
MONS ROY,Redwood Wind Jersey,139.95
Rab,Cinder Borealis Softshell Fietsjas,119.95
Vaude,Kuro Air Jacket,129.95
Helly Hansen,Rapide Windbreaker Packable Jas,109.95
